date,T (°C),DO (mg/L)
2018-01-01,1.0,10.0
2018-01-02,1.1,10.6
2018-01-03,1.2,11.2
2018-01-04,1.5,11.2
2018-01-05,0.8,11.7
2018-01-06,0.7,11.2
2018-01-07,1.1,12.1
2018-01-08,1.3,12.2
2018-01-09,0.9,12.0
2018-01-10,1.4,12.2
2018-01-11,1.0,12.3
2018-01-12,1.2,12.4
2018-01-13,1.3,12.4
2018-01-14,0.7,12.6
2018-01-15,0.9,12.8
2018-01-16,0.4,12.8
2018-01-17,0.4,13.3
2018-01-18,0.8,12.9
2018-01-19,0.4,12.9
2018-01-20,0.5,13.9
2018-01-21,0.7,14.0
2018-01-22,0.7,13.8
2018-01-23,0.8,13.3
2018-01-24,0.4,13.2
2018-01-25,0.5,13.2
2018-01-26,0.8,13.4
2018-01-27,-0.1,13.2
2018-01-28,0.4,13.0
2018-01-29,-0.2,12.7
2018-01-30,0.0,12.5
2018-01-31,0.3,12.8
2018-02-01,0.3,12.5
2018-02-02,0.1,12.7
2018-02-03,-0.4,12.4
2018-02-04,-0.3,12.9
2018-02-05,-0.6,12.3
2018-02-06,-0.3,12.5
2018-02-07,-0.2,12.5
2018-02-08,-0.1,12.3
2018-02-09,-0.2,13.0
2018-02-10,-0.1,12.6
2018-02-11,-0.5,12.8
2018-02-12,-0.8,12.7
2018-02-13,-0.5,13.3
2018-02-14,-0.2,13.2
2018-02-15,-0.7,13.4
2018-02-16,-0.9,13.6
2018-02-17,-0.6,13.9
2018-02-18,-0.4,13.6
2018-02-19,-0.9,13.6
2018-02-20,-0.6,13.7
2018-02-21,-0.7,13.4
2018-02-22,-0.8,13.9
2018-02-23,-0.4,13.7
2018-02-24,-0.1,13.9
2018-02-25,0.0,13.6
2018-02-26,-0.1,13.1
2018-02-27,-0.1,13.1
2018-02-28,-0.1,12.9
2018-03-01,0.1,13.0
2018-03-02,0.6,12.9
2018-03-03,0.8,13.1
2018-03-04,0.5,12.9
2018-03-05,0.5,13.1
2018-03-06,0.7,12.9
2018-03-07,1.4,12.9
2018-03-08,1.5,12.8
2018-03-09,1.7,12.7
2018-03-10,1.9,12.9
2018-03-11,1.3,13.1
2018-03-12,1.1,13.5
2018-03-13,1.1,12.9
2018-03-14,1.3,13.8
2018-03-15,2.2,13.9
2018-03-16,2.4,13.8
2018-03-17,2.7,13.7
2018-03-18,2.9,13.7
2018-03-19,2.3,13.9
2018-03-20,2.2,13.5
2018-03-21,1.7,12.9
2018-03-22,1.6,12.4
2018-03-23,1.7,12.5
2018-03-24,2.0,12.8
2018-03-25,1.5,12.6
2018-03-26,1.7,12.3
2018-03-27,1.5,12.1
2018-03-28,2.0,12.6
2018-03-29,2.8,13.2
2018-03-30,2.6,13.2
2018-03-31,2.1,13.0
2018-04-01,2.2,12.6
2018-04-02,3.0,12.4
2018-04-03,3.6,12.6
2018-04-04,3.3,12.8
2018-04-05,3.5,12.4
2018-04-06,3.3,12.3
2018-04-07,3.5,12.1
2018-04-08,4.5,12.8
2018-04-09,4.2,12.9
2018-04-10,4.4,12.9
2018-04-11,4.4,12.6
2018-04-12,4.8,12.2
2018-04-13,4.9,12.2
2018-04-14,5.0,12.1
2018-04-15,5.0,12.1
2018-04-16,5.4,12.3
2018-04-17,5.8,12.2
2018-04-18,6.2,11.6
2018-04-19,6.3,11.5
2018-04-20,6.5,11.7
2018-04-21,6.2,11.2
2018-04-22,6.7,10.7
2018-04-23,6.9,11.2
2018-04-24,7.0,11.3
2018-04-25,7.5,11.6
2018-04-26,7.4,11.4
2018-04-27,7.4,10.9
2018-04-28,7.1,11.0
2018-04-29,8.0,11.5
2018-04-30,7.6,11.1
2018-05-01,8.9,11.0
2018-05-02,9.2,11.6
2018-05-03,9.6,11.4
2018-05-04,9.4,11.1
2018-05-05,9.7,11.2
2018-05-06,10.4,11.3
2018-05-07,10.5,11.9
2018-05-08,10.6,11.9
2018-05-09,10.7,11.8
2018-05-10,10.6,11.5
2018-05-11,10.4,11.2
2018-05-12,10.5,11.0
2018-05-13,10.8,11.2
2018-05-14,11.2,11.2
2018-05-15,10.2,10.8
2018-05-16,10.9,11.1
2018-05-17,11.0,11.6
2018-05-18,11.1,11.8
2018-05-19,11.4,11.7
2018-05-20,11.6,11.3
2018-05-21,12.1,11.6
2018-05-22,12.3,10.9
2018-05-23,12.3,11.0
2018-05-24,12.2,10.7
2018-05-25,12.0,10.1
2018-05-26,12.2,10.2
2018-05-27,12.4,10.6
2018-05-28,12.6,10.5
2018-05-29,13.1,10.6
2018-05-30,13.6,10.1
2018-05-31,13.9,10.0
2018-06-01,14.0,9.4
2018-06-02,14.1,9.5
2018-06-03,14.6,9.7
2018-06-04,15.0,9.3
2018-06-05,15.3,9.3
2018-06-06,16.0,9.6
2018-06-07,16.3,10.0
2018-06-08,16.4,9.5
2018-06-09,16.6,9.9
2018-06-10,16.2,9.9
2018-06-11,16.4,10.2
2018-06-12,16.5,9.7
2018-06-13,16.2,9.2
2018-06-14,16.5,9.4
2018-06-15,16.5,9.4
2018-06-16,16.7,9.1
2018-06-17,16.6,9.4
2018-06-18,16.8,9.4
2018-06-19,16.8,9.2
2018-06-20,16.5,8.7
2018-06-21,16.7,8.9
2018-06-22,17.2,9.1
2018-06-23,16.9,8.9
2018-06-24,16.9,8.7
2018-06-25,17.0,8.7
2018-06-26,17.0,9.4
2018-06-27,17.7,9.7
2018-06-28,17.7,9.3
2018-06-29,18.4,9.3
2018-06-30,18.0,9.1
2018-07-01,18.2,9.2
2018-07-02,17.8,9.4
2018-07-03,18.1,9.9
2018-07-04,18.3,9.8
2018-07-05,19.0,9.0
2018-07-06,18.9,9.0
2018-07-07,18.1,8.8
2018-07-08,18.2,8.8
2018-07-09,18.6,9.0
2018-07-10,19.1,9.3
2018-07-11,19.5,9.7
2018-07-12,19.5,9.9
2018-07-13,19.6,9.5
2018-07-14,19.5,9.1
2018-07-15,19.8,9.0
2018-07-16,19.9,9.1
2018-07-17,20.4,9.4
2018-07-18,21.3,9.0
2018-07-19,21.2,8.9
2018-07-20,42.0,-5.0
2018-07-21,42.0,-5.0
2018-07-22,42.0,-5.0
2018-07-23,42.0,-5.0
2018-07-24,42.0,-5.0
2018-07-25,42.0,-5.0
2018-07-26,42.0,-5.0
2018-07-27,42.0,-5.0
2018-07-28,42.0,-5.0
2018-07-29,42.0,-5.0
2018-07-30,42.0,-5.0
2018-07-31,42.0,-5.0
2018-08-01,42.0,-5.0
2018-08-02,42.0,-5.0
2018-08-03,42.0,-5.0
2018-08-04,42.0,-5.0
2018-08-05,42.0,-5.0
2018-08-06,42.0,-5.0
2018-08-07,42.0,-5.0
2018-08-08,42.0,-5.0
2018-08-09,42.0,-5.0
2018-08-10,21.7,7.6
2018-08-11,21.9,7.9
2018-08-12,21.9,8.1
2018-08-13,21.7,7.8
2018-08-14,22.1,7.6
2018-08-15,22.0,7.8
2018-08-16,21.9,7.8
2018-08-17,21.6,8.2
2018-08-18,21.0,7.8
2018-08-19,20.8,7.4
2018-08-20,21.4,7.3
2018-08-21,21.7,7.1
2018-08-22,21.8,7.1
2018-08-23,22.6,7.2
2018-08-24,22.7,6.8
2018-08-25,22.2,6.9
2018-08-26,22.0,7.2
2018-08-27,21.7,7.1
2018-08-28,22.0,7.2
2018-08-29,22.1,7.5
2018-08-30,22.0,7.6
2018-08-31,21.9,7.8
2018-09-01,22.0,8.1
2018-09-02,21.8,8.1
2018-09-03,21.2,7.9
2018-09-04,20.4,8.0
2018-09-05,20.1,8.2
2018-09-06,20.1,8.6
2018-09-07,20.1,9.1
2018-09-08,19.8,9.0
2018-09-09,19.8,8.9
2018-09-10,20.7,8.4
2018-09-11,21.0,7.7
2018-09-12,20.6,8.4
2018-09-13,20.7,8.8
2018-09-14,20.5,9.1
2018-09-15,20.6,9.0
2018-09-16,20.5,9.2
2018-09-17,20.8,9.2
2018-09-18,20.1,8.9
2018-09-19,19.5,8.6
2018-09-20,19.1,8.5
2018-09-21,19.0,8.6
2018-09-22,18.6,8.1
2018-09-23,18.1,8.5
2018-09-24,18.7,8.6
2018-09-25,18.0,8.2
2018-09-26,18.4,8.5
2018-09-27,18.1,8.6
2018-09-28,18.6,9.1
2018-09-29,18.1,8.9
2018-09-30,18.5,8.0
2018-10-01,18.2,7.9
2018-10-02,17.8,8.3
2018-10-03,17.9,8.4
2018-10-04,17.5,8.3
2018-10-05,17.5,8.6
2018-10-06,17.3,8.6
2018-10-07,17.1,8.1
2018-10-08,16.7,8.2
2018-10-09,16.0,9.0
2018-10-10,16.2,9.2
2018-10-11,16.7,9.1
2018-10-12,17.2,8.8
2018-10-13,16.6,8.9
2018-10-14,16.4,9.2
2018-10-15,16.4,9.4
2018-10-16,16.5,9.4
2018-10-17,15.8,9.7
2018-10-18,16.0,9.2
2018-10-19,16.0,9.0
2018-10-20,15.9,9.2
2018-10-21,16.0,8.7
2018-10-22,15.9,8.4
2018-10-23,15.8,8.8
2018-10-24,15.9,9.0
2018-10-25,15.6,9.0
2018-10-26,15.4,8.9
2018-10-27,15.3,8.7
2018-10-28,15.4,8.5
2018-10-29,14.7,8.3
2018-10-30,14.2,8.4
2018-10-31,14.1,9.0
2018-11-01,14.0,9.2
2018-11-02,13.8,9.1
2018-11-03,14.0,9.1
2018-11-04,13.5,9.4
2018-11-05,13.9,9.5
2018-11-06,13.1,9.6
2018-11-07,12.6,9.0
2018-11-08,12.6,9.7
2018-11-09,12.1,10.0
2018-11-10,12.0,10.2
2018-11-11,12.6,10.6
2018-11-12,12.4,10.3
2018-11-13,12.3,10.1
2018-11-14,11.7,10.7
2018-11-15,11.3,10.6
2018-11-16,11.0,10.5
2018-11-17,10.7,5.5
2018-11-18,11.0,10.3
2018-11-19,10.8,10.6
2018-11-20,10.7,11.1
2018-11-21,10.3,11.0
2018-11-22,10.0,11.1
2018-11-23,10.4,11.2
2018-11-24,10.8,11.1
2018-11-25,10.3,11.3
2018-11-26,10.0,11.5
2018-11-27,9.3,11.8
2018-11-28,8.9,11.9
2018-11-29,8.8,12.2
2018-11-30,8.8,11.5
2018-12-01,8.8,11.3
2018-12-02,8.4,11.1
2018-12-03,8.1,10.9
2018-12-04,7.6,11.1
2018-12-05,8.1,11.2
2018-12-06,7.3,12.1
2018-12-07,7.0,11.6
2018-12-08,7.5,11.0
2018-12-09,7.3,11.5
2018-12-10,7.0,11.8
2018-12-11,6.6,11.6
2018-12-12,6.4,11.4
2018-12-13,6.3,11.3
2018-12-14,5.2,11.7
2018-12-15,5.4,12.4
2018-12-16,4.8,12.4
2018-12-17,4.7,25.0
2018-12-18,4.8,11.7
2018-12-19,5.0,11.4
2018-12-20,4.4,11.5
2018-12-21,4.4,11.3
2018-12-22,4.7,11.5
2018-12-23,4.1,12.1
2018-12-24,4.0,12.0
2018-12-25,3.8,11.9
2018-12-26,3.6,12.2
2018-12-27,3.6,12.0
2018-12-28,3.6,11.7
2018-12-29,3.6,11.7
2018-12-30,4.1,11.9
2018-12-31,4.0,12.1
2019-01-01,4.0,12.4
2019-01-02,3.5,12.7
2019-01-03,3.0,13.1
2019-01-04,3.1,13.5
2019-01-05,3.2,13.6
2019-01-06,3.2,13.8
2019-01-07,3.0,12.8
2019-01-08,3.2,12.7
2019-01-09,2.8,12.7
2019-01-10,3.3,12.6
2019-01-11,3.2,12.5
2019-01-12,3.1,12.5
2019-01-13,2.8,12.7
2019-01-14,3.1,12.9
2019-01-15,2.6,13.1
2019-01-16,2.3,13.5
2019-01-17,2.6,13.6
2019-01-18,2.0,13.2
2019-01-19,1.6,12.9
2019-01-20,1.2,12.6
2019-01-21,1.4,12.5
2019-01-22,1.3,12.9
2019-01-23,1.4,12.7
2019-01-24,1.9,12.8
2019-01-25,2.1,12.5
2019-01-26,1.5,12.5
2019-01-27,1.0,12.5
2019-01-28,0.9,13.2
2019-01-29,1.0,12.5
2019-01-30,1.4,12.7
2019-01-31,0.6,13.2
2019-02-01,0.5,12.9
2019-02-02,0.4,12.7
2019-02-03,0.5,12.4
2019-02-04,0.7,12.9
2019-02-05,0.1,12.8
2019-02-06,-0.2,13.4
2019-02-07,0.1,13.8
2019-02-08,0.1,13.9
2019-02-09,0.2,13.8
2019-02-10,0.9,13.4
2019-02-11,0.1,13.6
2019-02-12,0.6,13.3
2019-02-13,0.6,13.6
2019-02-14,0.4,13.3
2019-02-15,0.1,13.0
2019-02-16,-0.1,13.2
2019-02-17,-0.1,13.0
2019-02-18,0.1,12.6
2019-02-19,0.7,12.6
2019-02-20,0.1,13.2
2019-02-21,0.4,13.4
2019-02-22,0.1,13.6
2019-02-23,0.4,13.6
2019-02-24,0.7,13.2
2019-02-25,1.0,13.9
2019-02-26,0.6,14.0
2019-02-27,0.6,13.8
2019-02-28,1.0,14.0
2019-03-01,1.2,14.0
2019-03-02,1.9,13.9
2019-03-03,1.3,13.8
2019-03-04,1.6,13.4
2019-03-05,2.2,13.3
2019-03-06,1.2,13.0
2019-03-07,1.1,12.4
2019-03-08,0.6,12.6
2019-03-09,0.6,12.6
2019-03-10,1.0,12.8
2019-03-11,1.2,12.7
2019-03-12,1.1,12.7
2019-03-13,1.5,13.5
2019-03-14,1.0,13.7
2019-03-15,0.4,14.0
2019-03-16,0.8,13.8
2019-03-17,0.7,13.7
2019-03-18,1.0,13.4
2019-03-19,0.9,13.6
2019-03-20,0.5,13.3
2019-03-21,0.3,13.7
2019-03-22,1.0,14.0
2019-03-23,1.0,13.9
2019-03-24,0.9,13.7
2019-03-25,1.1,13.5
2019-03-26,1.4,13.7
2019-03-27,1.5,13.6
2019-03-28,1.7,14.0
2019-03-29,2.2,13.9
2019-03-30,3.0,13.2
2019-03-31,3.3,13.2
2019-04-01,3.3,12.9
2019-04-02,3.1,12.5
2019-04-03,2.8,12.5
2019-04-04,3.1,12.8
2019-04-05,3.1,12.8
2019-04-06,4.2,12.3
2019-04-07,4.5,12.1
2019-04-08,4.0,12.4
2019-04-09,4.5,12.2
2019-04-10,4.3,12.7
2019-04-11,4.4,12.8
2019-04-12,4.7,12.1
2019-04-13,5.6,12.1
2019-04-14,6.6,11.8
2019-04-15,6.7,11.8
2019-04-16,6.6,12.1
2019-04-17,6.4,11.4
2019-04-18,6.5,11.2
2019-04-19,6.7,11.1
2019-04-20,7.7,11.3
2019-04-21,7.8,11.7
2019-04-22,8.1,12.0
2019-04-23,8.4,11.4
2019-04-24,9.2,11.4
2019-04-25,9.6,11.4
2019-04-26,9.4,11.3
2019-04-27,9.0,11.5
2019-04-28,8.4,11.2
2019-04-29,8.7,11.1
2019-04-30,8.8,11.5
2019-05-01,8.8,11.7
2019-05-02,9.3,10.8
2019-05-03,9.2,10.9
2019-05-04,9.8,10.7
2019-05-05,9.7,11.2
2019-05-06,9.7,11.4
2019-05-07,10.3,11.2
2019-05-08,10.7,11.4
2019-05-09,10.5,11.1
2019-05-10,10.9,11.3
2019-05-11,10.6,11.3
2019-05-12,10.4,11.4
2019-05-13,10.8,10.8
2019-05-14,10.9,10.8
2019-05-15,11.0,10.5
2019-05-16,11.3,10.3
2019-05-17,11.8,10.2
2019-05-18,11.5,10.1
2019-05-19,12.0,10.0
2019-05-20,12.1,10.0
2019-05-21,12.3,10.2
2019-05-22,12.1,9.9
2019-05-23,11.5,9.9
2019-05-24,12.0,10.0
2019-05-25,11.9,10.4
2019-05-26,12.0,10.3
2019-05-27,12.4,10.6
2019-05-28,12.4,10.2
2019-05-29,12.8,10.0
2019-05-30,13.1,10.1
2019-05-31,13.6,10.2
2019-06-01,13.5,9.8
2019-06-02,13.9,9.4
2019-06-03,14.1,10.0
2019-06-04,14.3,9.9
2019-06-05,14.2,9.6
2019-06-06,14.0,9.8
2019-06-07,14.2,10.2
2019-06-08,14.2,10.4
2019-06-09,13.9,9.8
2019-06-10,13.3,9.5
2019-06-11,13.7,9.3
2019-06-12,13.8,9.4
2019-06-13,14.6,9.4
2019-06-14,14.5,9.0
2019-06-15,14.4,8.9
2019-06-16,14.1,8.9
2019-06-17,14.8,8.6
2019-06-18,14.8,9.2
2019-06-19,14.8,9.2
2019-06-20,15.1,9.2
2019-06-21,15.4,9.7
2019-06-22,16.0,9.2
2019-06-23,16.8,9.4
2019-06-24,16.8,9.7
2019-06-25,16.8,9.8
2019-06-26,16.6,10.3
2019-06-27,17.1,9.9
2019-06-28,17.3,9.6
2019-06-29,16.7,9.5
2019-06-30,16.9,9.5
2019-07-01,17.3,9.2
2019-07-02,17.5,9.3
2019-07-03,17.5,9.1
2019-07-04,17.6,8.9
2019-07-05,17.5,8.5
2019-07-06,18.0,9.0
2019-07-07,18.8,9.0
2019-07-08,18.4,8.8
2019-07-09,18.4,8.3
2019-07-10,18.1,8.8
2019-07-11,18.0,8.6
2019-07-12,18.1,8.5
2019-07-13,18.0,8.5
2019-07-14,17.9,8.8
2019-07-15,17.9,9.0
2019-07-16,18.7,8.8
2019-07-17,19.1,9.0
2019-07-18,19.0,8.9
2019-07-19,19.5,8.3
2019-07-20,20.4,8.0
2019-07-21,21.1,8.0
2019-07-22,22.6,3.7
2019-07-23,23.8,3.7
2019-07-24,24.0,3.6
2019-07-25,25.0,4.4
2019-07-26,25.8,4.0
2019-07-27,25.2,8.1
2019-07-28,25.1,7.6
2019-07-29,25.5,7.6
2019-07-30,24.4,7.2
2019-07-31,24.0,7.4
2019-08-01,24.3,7.2
2019-08-02,23.9,7.1
2019-08-03,24.2,7.1
2019-08-04,24.2,6.8
2019-08-05,24.0,7.6
2019-08-06,23.6,8.0
2019-08-07,24.2,8.2
2019-08-08,24.4,8.5
2019-08-09,24.2,8.2
2019-08-10,23.9,8.5
2019-08-11,23.1,8.2
2019-08-12,23.4,7.8
2019-08-13,23.2,6.9
2019-08-14,23.1,7.9
2019-08-15,23.3,7.7
2019-08-16,23.2,7.6
2019-08-17,23.3,7.1
2019-08-18,23.1,7.7
2019-08-19,22.8,7.6
2019-08-20,22.6,7.8
2019-08-21,22.4,7.8
2019-08-22,22.2,7.9
2019-08-23,22.1,8.1
2019-08-24,22.5,8.1
2019-08-25,22.1,8.1
2019-08-26,21.7,8.1
2019-08-27,22.5,8.1
2019-08-28,22.9,8.1
2019-08-29,22.7,8.1
2019-08-30,22.6,7.7
2019-08-31,22.1,7.8
2019-09-01,21.7,8.1
2019-09-02,22.0,7.9
2019-09-03,22.0,7.6
2019-09-04,21.6,8.0
2019-09-05,21.4,7.9
2019-09-06,20.8,7.5
2019-09-07,21.0,7.4
2019-09-08,20.9,7.5
2019-09-09,20.7,7.6
2019-09-10,21.0,7.5
2019-09-11,21.4,7.8
2019-09-12,21.2,7.8
2019-09-13,21.0,7.6
2019-09-14,21.1,7.9
2019-09-15,21.5,7.5
2019-09-16,21.6,8.0
2019-09-17,21.9,7.7
2019-09-18,21.7,7.8
2019-09-19,20.9,8.1
2019-09-20,21.0,8.4
2019-09-21,21.1,8.2
2019-09-22,20.9,8.4
2019-09-23,20.3,8.4
2019-09-24,20.7,8.4
2019-09-25,20.4,8.6
2019-09-26,20.4,9.0
2019-09-27,20.7,8.5
2019-09-28,19.9,8.2
2019-09-29,19.5,8.3
2019-09-30,19.4,8.6
2019-10-01,19.2,9.0
2019-10-02,18.7,9.4
2019-10-03,18.9,9.3
2019-10-04,18.6,9.3
2019-10-05,18.6,9.3
2019-10-06,18.0,8.8
2019-10-07,18.3,9.5
2019-10-08,18.7,9.2
2019-10-09,17.7,9.6
2019-10-10,17.3,9.8
2019-10-11,17.4,9.6
2019-10-12,17.2,9.6
2019-10-13,17.4,8.9
2019-10-14,17.5,9.6
2019-10-15,16.6,9.3
2019-10-16,16.2,9.8
2019-10-17,16.4,9.2
2019-10-18,16.1,9.1
2019-10-19,16.4,9.2
2019-10-20,15.8,8.7
2019-10-21,15.9,8.5
2019-10-22,15.6,8.0
2019-10-23,15.2,8.2
2019-10-24,15.2,8.6
2019-10-25,15.1,8.5
2019-10-26,15.0,8.6
2019-10-27,14.9,8.8
2019-10-28,14.7,9.2
2019-10-29,14.2,9.3
2019-10-30,14.0,9.7
2019-10-31,13.1,9.8
2019-11-01,14.1,9.7
2019-11-02,14.5,10.0
2019-11-03,13.4,10.3
2019-11-04,12.8,9.9
2019-11-05,12.7,9.9
2019-11-06,12.4,9.5
2019-11-07,12.3,10.0
2019-11-08,11.8,10.0
2019-11-09,12.0,10.8
2019-11-10,12.1,10.9
2019-11-11,12.2,11.3
2019-11-12,11.5,11.4
2019-11-13,11.0,6.0
2019-11-14,10.5,11.4
2019-11-15,10.5,11.7
2019-11-16,11.1,11.7
2019-11-17,11.1,11.6
2019-11-18,10.8,11.7
2019-11-19,10.8,11.3
2019-11-20,10.8,11.7
2019-11-21,10.8,12.0
2019-11-22,10.7,11.8
2019-11-23,11.3,11.8
2019-11-24,10.4,11.6
2019-11-25,10.4,11.3
2019-11-26,10.0,11.3
2019-11-27,9.8,11.2
2019-11-28,9.4,11.0
2019-11-29,8.8,10.6
2019-11-30,8.7,10.8
2019-12-01,8.7,11.3
2019-12-02,8.7,11.0
2019-12-03,8.3,11.0
2019-12-04,8.0,11.5
2019-12-05,7.3,11.5
2019-12-06,6.4,11.9
2019-12-07,6.4,12.1
2019-12-08,5.9,12.1
2019-12-09,6.9,11.8
2019-12-10,6.4,11.8
2019-12-11,6.2,11.6
2019-12-12,5.9,11.5
2019-12-13,6.1,11.6
2019-12-14,6.4,11.7
2019-12-15,5.9,11.3
2019-12-16,5.1,12.1
2019-12-17,5.8,12.0
2019-12-18,5.7,11.8
2019-12-19,5.3,11.6
2019-12-20,5.2,12.0
2019-12-21,4.3,12.1
2019-12-22,4.2,12.7
2019-12-23,3.9,12.8
2019-12-24,3.8,12.1
2019-12-25,3.5,12.3
2019-12-26,3.5,11.8
2019-12-27,3.1,11.6
2019-12-28,3.1,11.5
2019-12-29,2.8,11.9
2019-12-30,2.5,12.2
2019-12-31,2.0,11.9
2020-01-01,2.3,11.9
2020-01-02,2.3,12.5
2020-01-03,2.2,12.6
2020-01-04,1.8,12.5
2020-01-05,1.6,12.4
2020-01-06,1.6,12.6
2020-01-07,1.6,12.8
2020-01-08,2.5,13.2
2020-01-09,2.4,13.1
2020-01-10,2.9,12.7
2020-01-11,2.7,13.0
2020-01-12,2.4,13.2
2020-01-13,2.7,13.6
2020-01-14,2.6,13.7
2020-01-15,2.7,13.4
2020-01-16,2.3,13.5
2020-01-17,2.6,13.0
2020-01-18,2.6,12.8
2020-01-19,2.1,13.0
2020-01-20,1.3,12.9
2020-01-21,1.0,12.8
2020-01-22,0.4,12.7
2020-01-23,0.2,12.7
2020-01-24,0.8,13.0
2020-01-25,0.4,12.7
2020-01-26,0.9,12.4
2020-01-27,0.9,12.2
2020-01-28,1.2,12.8
2020-01-29,0.2,12.7
2020-01-30,0.2,12.9
2020-01-31,0.1,13.2
2020-02-01,0.5,13.0
2020-02-02,0.8,13.5
2020-02-03,0.2,13.3
2020-02-04,0.6,13.4
2020-02-05,0.2,13.7
2020-02-06,-0.2,14.0
2020-02-07,-0.0,14.0
2020-02-08,-0.2,14.0
2020-02-09,0.0,13.8
2020-02-10,-0.5,14.0
2020-02-11,-0.3,13.8
2020-02-12,0.2,13.6
2020-02-13,0.6,13.2
2020-02-14,0.4,13.2
2020-02-15,-0.0,13.3
2020-02-16,-0.1,13.3
2020-02-17,0.0,12.7
2020-02-18,0.2,12.4
2020-02-19,0.1,12.7
2020-02-20,0.2,12.5
2020-02-21,0.1,12.8
2020-02-22,0.7,12.2
2020-02-23,1.0,12.7
2020-02-24,1.3,12.8
2020-02-25,1.5,13.1
2020-02-26,2.0,13.4
2020-02-27,2.2,13.4
2020-02-28,1.8,12.4
2020-02-29,1.8,12.7
2020-03-01,2.1,12.8
2020-03-02,1.9,12.8
2020-03-03,1.8,12.9
2020-03-04,1.6,12.5
2020-03-05,1.5,12.3
2020-03-06,1.8,11.5
2020-03-07,1.8,11.8
2020-03-08,2.5,12.4
2020-03-09,2.7,12.2
2020-03-10,2.7,12.4
2020-03-11,3.2,12.7
2020-03-12,2.7,12.3
2020-03-13,2.8,12.4
2020-03-14,3.2,12.7
2020-03-15,3.0,12.6
2020-03-16,2.7,12.4
2020-03-17,2.5,12.6
2020-03-18,2.1,12.3
2020-03-19,2.2,12.9
2020-03-20,2.0,12.9
2020-03-21,1.6,13.5
2020-03-22,1.7,13.6
2020-03-23,2.4,13.2
2020-03-24,2.3,13.3
2020-03-25,3.1,13.0
2020-03-26,3.0,12.7
2020-03-27,3.5,12.5
2020-03-28,3.5,12.5
2020-03-29,3.9,11.9
2020-03-30,3.8,12.2
2020-03-31,4.0,12.0
2020-04-01,4.4,12.5
2020-04-02,5.1,12.9
2020-04-03,4.7,13.2
2020-04-04,4.4,13.4
2020-04-05,5.0,12.5
2020-04-06,5.1,13.1
2020-04-07,5.2,13.0
2020-04-08,4.7,13.3
2020-04-09,5.1,13.9
2020-04-10,4.5,13.6
2020-04-11,4.7,12.8
2020-04-12,4.8,12.6
2020-04-13,4.6,12.7
2020-04-14,5.0,12.5
2020-04-15,5.3,12.1
2020-04-16,5.6,12.5
2020-04-17,5.3,12.4
2020-04-18,5.1,12.2
2020-04-19,5.4,12.2
2020-04-20,5.1,12.1
2020-04-21,5.6,12.4
2020-04-22,5.5,12.7
2020-04-23,6.0,12.8
2020-04-24,6.2,12.5
2020-04-25,6.4,12.6
2020-04-26,6.9,12.3
2020-04-27,7.7,12.3
2020-04-28,7.9,12.2
2020-04-29,8.1,11.8
2020-04-30,7.6,11.8
2020-05-01,8.0,11.7
2020-05-02,8.2,12.0
2020-05-03,8.3,12.4
2020-05-04,8.7,12.9
2020-05-05,8.8,12.5
2020-05-06,8.8,11.8
2020-05-07,9.2,11.7
2020-05-08,9.7,11.5
2020-05-09,10.3,11.2
2020-05-10,10.1,11.1
2020-05-11,10.1,11.0
2020-05-12,11.0,10.6
2020-05-13,11.6,10.4
2020-05-14,11.9,10.8
2020-05-15,12.5,10.6
2020-05-16,12.9,10.4
2020-05-17,13.1,10.9
2020-05-18,13.6,10.6
2020-05-19,14.0,10.5
2020-05-20,14.0,10.0
2020-05-21,13.7,10.5
2020-05-22,13.9,10.9
2020-05-23,13.6,10.3
2020-05-24,14.1,10.2
2020-05-25,14.7,10.2
2020-05-26,14.2,10.0
2020-05-27,14.4,10.3
2020-05-28,13.8,10.1
2020-05-29,14.4,10.1
2020-05-30,15.2,10.1
2020-05-31,15.0,10.0
2020-06-01,15.0,9.4
2020-06-02,15.9,9.1
2020-06-03,15.9,8.9
2020-06-04,16.0,9.0
2020-06-05,16.6,9.0
2020-06-06,17.1,8.9
2020-06-07,17.2,9.0
2020-06-08,17.8,8.9
2020-06-09,18.3,8.5
2020-06-10,18.1,8.2
2020-06-11,18.1,8.7
2020-06-12,18.7,8.8
2020-06-13,19.4,8.7
2020-06-14,19.6,8.9
2020-06-15,19.2,8.8
2020-06-16,19.7,8.7
2020-06-17,19.7,8.7
2020-06-18,19.3,8.9
2020-06-19,19.5,9.2
2020-06-20,19.8,8.8
2020-06-21,20.0,9.0
2020-06-22,20.3,8.8
2020-06-23,20.4,8.9
2020-06-24,20.3,8.5
2020-06-25,20.2,8.1
2020-06-26,19.5,8.5
2020-06-27,19.6,9.1
2020-06-28,20.1,8.9
2020-06-29,19.7,9.2
2020-06-30,19.9,8.9
2020-07-01,19.9,8.9
2020-07-02,20.7,8.8
2020-07-03,21.2,8.7
2020-07-04,21.0,8.5
2020-07-05,21.1,8.1
2020-07-06,21.0,8.5
2020-07-07,20.8,8.2
2020-07-08,20.9,8.6
2020-07-09,20.9,8.3
2020-07-10,20.3,8.1
2020-07-11,20.6,8.4
2020-07-12,20.7,8.7
2020-07-13,20.7,9.0
2020-07-14,20.7,8.4
2020-07-15,20.5,8.2
2020-07-16,20.7,8.7
2020-07-17,21.3,8.3
2020-07-18,21.3,8.3
2020-07-19,21.4,8.1
2020-07-20,21.6,8.0
2020-07-21,21.3,7.2
2020-07-22,20.8,7.7
2020-07-23,20.7,7.3
2020-07-24,20.7,7.5
2020-07-25,20.1,7.3
2020-07-26,20.2,7.7
2020-07-27,20.3,7.9
2020-07-28,20.3,7.4
2020-07-29,20.1,7.3
2020-07-30,20.4,7.1
2020-07-31,20.8,7.4
2020-08-01,21.1,7.1
2020-08-02,21.4,7.3
2020-08-03,20.8,7.7
2020-08-04,20.3,7.8
2020-08-05,20.2,8.2
2020-08-06,20.2,7.6
2020-08-07,20.2,7.5
2020-08-08,19.9,7.9
2020-08-09,20.0,8.4
2020-08-10,19.9,8.0
2020-08-11,20.6,8.7
2020-08-12,20.5,9.1
2020-08-13,20.7,9.2
2020-08-14,20.6,9.2
2020-08-15,20.8,8.9
2020-08-16,20.7,8.6
2020-08-17,21.0,9.1
2020-08-18,20.7,9.0
2020-08-19,20.9,9.1
2020-08-20,21.1,9.3
2020-08-21,21.3,8.9
2020-08-22,22.1,8.5
2020-08-23,22.5,8.3
2020-08-24,22.0,8.3
2020-08-25,22.2,8.1
2020-08-26,21.6,7.8
2020-08-27,21.3,8.1
2020-08-28,21.0,7.7
2020-08-29,21.2,7.5
2020-08-30,21.1,7.5
2020-08-31,21.0,8.3
2020-09-01,20.7,8.3
2020-09-02,20.8,7.9
2020-09-03,20.6,7.3
2020-09-04,20.7,6.9
2020-09-05,20.6,7.3
2020-09-06,20.8,7.3
2020-09-07,21.1,7.2
2020-09-08,21.2,7.2
2020-09-09,20.3,7.2
2020-09-10,20.2,6.9
2020-09-11,20.4,7.4
2020-09-12,20.1,7.6
2020-09-13,19.9,8.3
2020-09-14,20.0,8.5
2020-09-15,20.5,8.1
2020-09-16,20.7,7.7
2020-09-17,20.6,8.1
2020-09-18,20.4,8.2
2020-09-19,20.1,8.4
2020-09-20,19.3,7.8
2020-09-21,18.8,7.9
2020-09-22,19.1,8.3
2020-09-23,19.3,7.9
2020-09-24,19.3,8.3
2020-09-25,19.0,8.4
2020-09-26,19.6,7.9
2020-09-27,20.2,8.0
2020-09-28,20.8,7.8
2020-09-29,20.5,7.8
2020-09-30,20.2,8.0
2020-10-01,19.6,7.8
2020-10-02,19.9,8.0
2020-10-03,19.5,7.9
2020-10-04,19.4,7.7
2020-10-05,19.1,7.4
2020-10-06,18.6,7.9
2020-10-07,18.4,8.0
2020-10-08,18.0,8.3
2020-10-09,18.1,8.9
2020-10-10,17.6,9.0
2020-10-11,18.0,9.3
2020-10-12,17.5,9.3
2020-10-13,17.2,8.9
2020-10-14,17.3,8.8
2020-10-15,16.9,8.4
2020-10-16,16.5,8.3
2020-10-17,16.4,8.8
2020-10-18,16.4,9.0
2020-10-19,16.3,9.0
2020-10-20,16.4,9.4
2020-10-21,16.6,9.6
2020-10-22,16.1,9.3
2020-10-23,16.1,9.5
2020-10-24,16.0,8.9
2020-10-25,15.8,8.9
2020-10-26,15.1,9.1
2020-10-27,14.5,9.1
2020-10-28,14.2,9.4
2020-10-29,14.4,9.6
2020-10-30,14.2,9.7
2020-10-31,14.0,10.0
2020-11-01,13.5,10.0
2020-11-02,12.9,10.4
2020-11-03,12.5,10.6
2020-11-04,12.1,11.0
2020-11-05,11.9,11.0
2020-11-06,11.9,10.3
2020-11-07,11.8,10.4
2020-11-08,11.8,10.5
2020-11-09,11.0,10.5
2020-11-10,10.2,10.4
2020-11-11,10.2,11.1
2020-11-12,10.4,11.5
2020-11-13,9.2,11.2
2020-11-14,9.3,10.7
2020-11-15,9.4,10.4
2020-11-16,9.6,10.8
2020-11-17,9.5,10.6
2020-11-18,9.6,10.8
2020-11-19,9.6,10.9
2020-11-20,8.7,11.1
2020-11-21,8.7,11.1
2020-11-22,8.7,11.0
2020-11-23,9.0,11.3
2020-11-24,10.1,11.4
2020-11-25,9.2,11.4
2020-11-26,9.6,11.5
2020-11-27,8.8,11.3
2020-11-28,8.9,11.0
2020-11-29,8.3,11.2
2020-11-30,7.9,11.3
2020-12-01,7.4,11.0
2020-12-02,7.1,11.2
2020-12-03,6.8,11.4
2020-12-04,6.8,11.2
2020-12-05,6.6,11.6
2020-12-06,6.2,11.7
2020-12-07,6.0,11.3
2020-12-08,6.3,11.5
2020-12-09,5.8,11.9
2020-12-10,6.0,12.0
2020-12-11,5.5,11.8
2020-12-12,5.3,11.8
2020-12-13,5.4,11.9
2020-12-14,6.1,11.6
2020-12-15,6.0,10.7
2020-12-16,6.0,11.6
2020-12-17,5.7,11.7
2020-12-18,5.9,11.8
2020-12-19,5.9,11.6
2020-12-20,5.9,11.7
2020-12-21,5.7,12.1
2020-12-22,5.7,12.2
2020-12-23,5.5,11.7
2020-12-24,5.3,12.4
2020-12-25,5.0,12.3
2020-12-26,4.9,12.2
2020-12-27,5.1,12.1
2020-12-28,5.3,11.9
2020-12-29,5.3,11.8
2020-12-30,5.1,12.2
2020-12-31,4.5,12.3
2021-01-01,4.6,12.6
2021-01-02,4.2,12.7
2021-01-03,4.6,13.3
2021-01-04,4.3,12.8
2021-01-05,4.2,12.8
2021-01-06,2.8,13.1
2021-01-07,3.0,13.0
2021-01-08,3.1,12.7
2021-01-09,3.0,12.5
2021-01-10,2.8,12.3
2021-01-11,2.8,12.5
2021-01-12,2.5,12.2
2021-01-13,1.9,12.7
2021-01-14,2.2,13.0
2021-01-15,1.1,12.6
2021-01-16,1.1,12.2
2021-01-17,0.7,13.1
2021-01-18,1.1,13.2
2021-01-19,1.3,13.3
2021-01-20,1.5,14.0
2021-01-21,2.3,13.4
2021-01-22,1.8,13.0
2021-01-23,2.3,12.8
2021-01-24,2.6,12.8
2021-01-25,2.5,13.0
2021-01-26,2.9,13.2
2021-01-27,2.5,13.8
2021-01-28,1.8,13.9
2021-01-29,1.8,13.8
2021-01-30,1.3,13.4
2021-01-31,0.9,14.0
2021-02-01,1.1,14.0
2021-02-02,0.9,13.5
2021-02-03,1.0,13.4
2021-02-04,0.8,13.6
2021-02-05,0.3,13.3
2021-02-06,0.7,13.9
2021-02-07,0.1,13.7
2021-02-08,0.1,13.5
2021-02-09,-0.2,13.6
2021-02-10,0.7,13.2
2021-02-11,0.7,13.5
2021-02-12,0.8,13.6
2021-02-13,1.3,13.8
2021-02-14,0.9,13.8
2021-02-15,1.2,13.7
2021-02-16,1.2,14.0
2021-02-17,1.2,13.8
2021-02-18,1.5,13.9
2021-02-19,1.6,13.8
2021-02-20,1.4,13.7
2021-02-21,0.6,13.6
2021-02-22,0.6,13.3
2021-02-23,0.4,13.4
2021-02-24,0.3,13.1
2021-02-25,-0.5,12.6
2021-02-26,0.2,12.9
2021-02-27,0.5,12.5
2021-02-28,1.0,13.1
2021-03-01,1.3,12.8
2021-03-02,1.1,12.9
2021-03-03,1.2,12.7
2021-03-04,1.5,12.8
2021-03-05,1.5,13.1
2021-03-06,0.6,13.5
2021-03-07,1.3,13.3
2021-03-08,1.0,13.1
2021-03-09,0.1,12.3
2021-03-10,0.2,12.9
2021-03-11,0.7,12.8
2021-03-12,1.7,12.9
2021-03-13,2.0,13.2
2021-03-14,1.8,13.8
2021-03-15,2.2,13.2
2021-03-16,1.9,13.0
2021-03-17,2.3,12.9
2021-03-18,2.3,12.4
2021-03-19,2.3,12.5
2021-03-20,2.6,12.4
2021-03-21,2.2,12.4
2021-03-22,1.6,12.3
2021-03-23,1.5,12.4
2021-03-24,1.8,12.6
2021-03-25,1.3,12.8
2021-03-26,0.7,12.7
2021-03-27,1.1,13.0
2021-03-28,1.7,13.1
2021-03-29,2.0,12.9
2021-03-30,1.9,12.8
2021-03-31,2.2,12.7
2021-04-01,2.5,12.4
2021-04-02,2.1,12.4
2021-04-03,2.4,12.2
2021-04-04,2.5,12.3
2021-04-05,2.9,12.3
2021-04-06,2.7,12.0
2021-04-07,2.8,12.3
2021-04-08,2.4,12.0
2021-04-09,2.2,12.1
2021-04-10,2.8,11.7
2021-04-11,2.8,11.7
2021-04-12,3.2,11.7
2021-04-13,3.7,12.5
2021-04-14,4.1,12.0
2021-04-15,4.5,12.0
2021-04-16,4.3,11.7
2021-04-17,4.6,12.2
2021-04-18,5.1,12.7
2021-04-19,5.4,12.4
2021-04-20,5.5,12.8
2021-04-21,5.6,12.7
2021-04-22,5.9,12.4
2021-04-23,5.3,12.2
2021-04-24,6.3,11.6
2021-04-25,6.1,11.6
2021-04-26,6.4,11.4
2021-04-27,6.8,11.4
2021-04-28,6.8,11.4
2021-04-29,6.8,11.7
2021-04-30,7.2,12.0
2021-05-01,7.1,12.4
2021-05-02,7.9,12.4
2021-05-03,7.7,11.9
2021-05-04,8.2,11.4
2021-05-05,8.3,11.3
2021-05-06,8.2,11.4
2021-05-07,8.5,11.2
2021-05-08,8.9,11.1
2021-05-09,9.0,11.1
2021-05-10,9.2,10.9
2021-05-11,9.3,11.2
2021-05-12,9.0,10.6
2021-05-13,9.6,11.0
2021-05-14,10.8,11.6
2021-05-15,10.9,11.5
2021-05-16,10.8,11.2
2021-05-17,11.2,11.1
2021-05-18,11.5,10.9
2021-05-19,12.1,10.9
2021-05-20,12.6,10.9
2021-05-21,13.5,10.4
2021-05-22,13.2,10.7
2021-05-23,14.0,10.2
2021-05-24,14.6,10.1
2021-05-25,14.7,10.3
2021-05-26,14.7,10.6
2021-05-27,14.6,10.4
2021-05-28,14.8,10.6
2021-05-29,14.7,10.3
2021-05-30,14.0,10.5
2021-05-31,13.8,10.5
2021-06-01,13.8,10.6
2021-06-02,14.1,10.7
2021-06-03,13.9,10.8
2021-06-04,14.6,10.4
2021-06-05,14.3,10.1
2021-06-06,14.1,10.0
2021-06-07,13.9,9.7
2021-06-08,14.6,10.3
2021-06-09,14.6,10.0
2021-06-10,15.2,9.9
2021-06-11,15.3,9.9
2021-06-12,15.7,9.5
2021-06-13,16.2,9.1
2021-06-14,16.6,9.2
2021-06-15,16.7,9.2
2021-06-16,17.1,9.3
2021-06-17,16.8,9.4
2021-06-18,17.2,10.0
2021-06-19,17.6,9.9
2021-06-20,18.0,9.2
2021-06-21,17.7,9.1
2021-06-22,17.7,9.3
2021-06-23,17.7,9.2
2021-06-24,18.2,9.1
2021-06-25,18.6,8.4
2021-06-26,17.9,8.5
2021-06-27,17.6,8.8
2021-06-28,18.0,9.1
2021-06-29,18.0,8.8
2021-06-30,18.3,9.2
2021-07-01,18.6,9.1
2021-07-02,18.9,9.0
2021-07-03,18.9,9.0
2021-07-04,18.8,8.8
2021-07-05,19.2,8.3
2021-07-06,20.0,8.0
2021-07-07,20.1,7.7
2021-07-08,19.8,7.6
2021-07-09,19.8,7.9
2021-07-10,19.4,8.2
2021-07-11,19.6,7.7
2021-07-12,19.7,7.2
2021-07-13,18.8,7.5
2021-07-14,19.5,7.9
2021-07-15,20.2,7.8
2021-07-16,20.1,7.5
2021-07-17,20.4,7.4
2021-07-18,20.5,7.3
2021-07-19,20.0,7.3
2021-07-20,20.8,8.0
2021-07-21,20.8,8.0
2021-07-22,21.1,8.1
2021-07-23,21.5,7.7
2021-07-24,21.1,8.1
2021-07-25,21.5,8.0
2021-07-26,21.4,8.0
2021-07-27,21.5,8.0
2021-07-28,21.0,7.8
2021-07-29,22.1,7.8
2021-07-30,22.9,7.9
2021-07-31,23.9,7.2
2021-08-01,24.9,7.0
2021-08-02,25.3,6.8
2021-08-03,25.8,6.6
2021-08-04,25.6,6.7
2021-08-05,25.3,6.4
2021-08-06,25.4,6.5
2021-08-07,25.0,6.6
2021-08-08,23.7,6.9
2021-08-09,23.2,3.1
2021-08-10,22.7,8.1
2021-08-11,22.0,8.4
2021-08-12,21.6,8.9
2021-08-13,21.7,8.2
2021-08-14,22.2,8.2
2021-08-15,22.3,8.1
2021-08-16,22.1,7.7
2021-08-17,22.3,7.9
2021-08-18,21.7,7.9
2021-08-19,21.3,7.3
2021-08-20,20.9,7.9
2021-08-21,20.2,8.1
2021-08-22,20.3,8.2
2021-08-23,20.8,8.4
2021-08-24,21.0,8.1
2021-08-25,20.9,8.5
2021-08-26,20.9,8.4
2021-08-27,21.2,8.5
2021-08-28,20.7,8.1
2021-08-29,20.8,8.4
2021-08-30,20.5,8.1
2021-08-31,20.2,8.2
2021-09-01,19.8,8.2
2021-09-02,19.8,8.8
2021-09-03,20.1,8.4
2021-09-04,20.4,8.5
2021-09-05,20.9,8.2
2021-09-06,21.2,8.8
2021-09-07,20.5,8.8
2021-09-08,19.9,9.2
2021-09-09,19.8,9.6
2021-09-10,20.0,8.9
2021-09-11,19.5,9.1
2021-09-12,19.6,9.0
2021-09-13,19.5,8.8
2021-09-14,20.1,8.3
2021-09-15,20.1,7.8
2021-09-16,20.1,8.2
2021-09-17,20.2,8.5
2021-09-18,19.8,8.6
2021-09-19,19.3,8.3
2021-09-20,18.4,8.0
2021-09-21,18.7,7.9
2021-09-22,18.1,8.0
2021-09-23,18.1,8.1
2021-09-24,18.2,8.3
2021-09-25,18.1,9.0
2021-09-26,18.4,9.0
2021-09-27,18.4,8.9
2021-09-28,18.7,9.0
2021-09-29,18.1,9.2
2021-09-30,17.7,9.5
2021-10-01,17.3,9.3
2021-10-02,17.5,8.8
2021-10-03,18.0,8.7
2021-10-04,17.7,8.1
2021-10-05,17.7,7.8
2021-10-06,17.5,7.8
2021-10-07,17.8,8.1
2021-10-08,18.0,8.2
2021-10-09,18.2,8.1
2021-10-10,18.4,8.2
2021-10-11,18.1,8.5
2021-10-12,17.8,8.7
2021-10-13,17.3,8.6
2021-10-14,17.7,8.3
2021-10-15,17.0,8.1
2021-10-16,17.2,7.5
2021-10-17,17.4,8.6
2021-10-18,17.6,8.2
2021-10-19,17.7,8.2
2021-10-20,17.1,8.6
2021-10-21,16.4,8.5
2021-10-22,16.6,8.8
2021-10-23,16.5,9.2
2021-10-24,16.6,9.7
2021-10-25,16.2,9.9
2021-10-26,15.2,9.3
2021-10-27,14.7,9.4
2021-10-28,14.8,9.8
2021-10-29,14.0,9.7
2021-10-30,14.1,10.0
2021-10-31,14.1,10.0
2021-11-01,13.3,10.2
2021-11-02,13.3,10.7
2021-11-03,13.7,10.7
2021-11-04,13.6,10.9
2021-11-05,14.4,10.9
2021-11-06,13.4,10.9
2021-11-07,13.2,10.6
2021-11-08,13.2,10.2
2021-11-09,13.1,10.9
2021-11-10,13.0,11.2
2021-11-11,12.7,10.9
2021-11-12,12.6,10.3
2021-11-13,11.9,10.3
2021-11-14,12.3,5.4
2021-11-15,12.0,10.4
2021-11-16,12.1,10.8
2021-11-17,12.1,10.7
2021-11-18,12.0,10.7
2021-11-19,12.0,11.0
2021-11-20,11.5,11.1
2021-11-21,11.1,11.1
2021-11-22,11.4,11.0
2021-11-23,11.4,10.8
2021-11-24,10.9,11.2
2021-11-25,10.4,10.9
2021-11-26,9.4,10.4
2021-11-27,10.0,10.1
2021-11-28,9.7,10.1
2021-11-29,9.9,10.5
2021-11-30,9.3,10.5
2021-12-01,9.0,10.2
2021-12-02,9.0,10.2
2021-12-03,9.1,10.3
2021-12-04,8.6,10.5
2021-12-05,8.0,11.7
2021-12-06,8.1,12.1
2021-12-07,8.1,12.2
2021-12-08,7.8,11.9
2021-12-09,8.1,12.0
2021-12-10,8.3,12.3
2021-12-11,8.2,12.2
2021-12-12,8.1,11.9
2021-12-13,8.0,11.3
2021-12-14,7.1,11.2
2021-12-15,7.0,11.1
2021-12-16,5.9,11.1
2021-12-17,5.9,11.5
2021-12-18,5.3,11.7
2021-12-19,5.9,11.4
2021-12-20,5.6,10.4
2021-12-21,5.3,11.1
2021-12-22,5.3,11.6
2021-12-23,5.1,11.8
2021-12-24,5.8,12.2
2021-12-25,4.9,12.0
2021-12-26,4.7,12.1
2021-12-27,4.8,11.9
2021-12-28,4.3,12.2
2021-12-29,4.0,12.0
2021-12-30,4.5,12.1
2021-12-31,4.0,12.3
2022-01-01,3.2,12.2
2022-01-02,3.4,12.1
2022-01-03,3.2,11.8
2022-01-04,2.6,11.8
2022-01-05,2.7,12.4
2022-01-06,2.6,12.1
2022-01-07,2.9,12.1
2022-01-08,2.8,12.3
2022-01-09,2.9,12.5
2022-01-10,3.1,12.1
2022-01-11,3.3,12.2
2022-01-12,3.1,12.5
2022-01-13,2.6,12.3
2022-01-14,2.4,12.6
2022-01-15,3.0,12.4
2022-01-16,2.5,13.1
2022-01-17,2.3,13.1
2022-01-18,2.1,13.2
2022-01-19,1.8,12.8
2022-01-20,1.6,12.9
2022-01-21,1.7,13.4
2022-01-22,2.6,13.5
2022-01-23,2.4,13.2
2022-01-24,2.0,13.1
2022-01-25,1.6,13.0
2022-01-26,1.3,13.1
2022-01-27,1.1,13.0
2022-01-28,0.9,12.5
2022-01-29,1.1,12.9
2022-01-30,0.7,13.0
2022-01-31,0.8,13.6
2022-02-01,0.9,13.7
2022-02-02,1.1,14.0
2022-02-03,0.9,13.9
2022-02-04,1.7,13.7
2022-02-05,2.2,13.7
2022-02-06,2.6,13.7
2022-02-07,2.2,13.8
2022-02-08,1.8,14.0
2022-02-09,1.7,14.0
2022-02-10,1.7,13.4
2022-02-11,1.9,13.0
2022-02-12,2.0,13.0
2022-02-13,1.7,13.1
2022-02-14,1.2,13.3
2022-02-15,1.6,12.9
2022-02-16,1.4,13.5
2022-02-17,1.8,13.6
2022-02-18,1.9,13.3
2022-02-19,2.1,12.5
2022-02-20,2.1,12.1
2022-02-21,1.8,12.1
2022-02-22,1.2,12.0
2022-02-23,1.0,12.5
2022-02-24,1.1,13.0
2022-02-25,1.4,13.2
2022-02-26,1.3,13.0
2022-02-27,1.0,13.5
2022-02-28,1.4,12.7
2022-03-01,1.0,12.0
2022-03-02,1.3,11.7
2022-03-03,0.9,12.0
2022-03-04,0.4,12.2
2022-03-05,-0.1,12.5
2022-03-06,-0.3,12.4
2022-03-07,-0.1,12.4
2022-03-08,0.1,12.7
2022-03-09,0.7,12.7
2022-03-10,0.5,13.3
2022-03-11,0.7,13.4
2022-03-12,0.6,13.0
2022-03-13,0.8,12.9
2022-03-14,0.9,13.0
2022-03-15,0.6,12.9
2022-03-16,0.8,13.3
2022-03-17,1.6,12.9
2022-03-18,1.1,12.6
2022-03-19,0.7,12.6
2022-03-20,0.3,12.9
2022-03-21,0.2,13.3
2022-03-22,1.0,13.7
2022-03-23,1.3,13.5
2022-03-24,2.1,13.0
2022-03-25,2.4,13.0
2022-03-26,2.7,12.5
2022-03-27,2.9,12.7
2022-03-28,3.4,12.8
2022-03-29,3.5,12.7
2022-03-30,3.6,12.1
2022-03-31,3.7,11.9
2022-04-01,4.0,12.2
2022-04-02,4.0,12.3
2022-04-03,3.4,12.6
2022-04-04,3.3,12.3
2022-04-05,3.5,12.6
2022-04-06,3.9,12.7
2022-04-07,4.5,12.5
2022-04-08,4.5,12.3
2022-04-09,4.7,12.1
2022-04-10,5.3,12.4
2022-04-11,5.9,12.6
2022-04-12,5.4,12.8
2022-04-13,5.8,12.2
2022-04-14,6.3,12.2
2022-04-15,6.3,12.5
2022-04-16,6.4,12.3
2022-04-17,6.7,12.2
2022-04-18,5.8,12.8
2022-04-19,6.0,13.1
2022-04-20,6.4,12.7
2022-04-21,6.2,12.6
2022-04-22,7.1,12.3
2022-04-23,6.8,12.3
2022-04-24,6.9,11.8
2022-04-25,7.7,12.5
2022-04-26,7.2,12.6
2022-04-27,7.5,12.3
2022-04-28,7.5,12.1
2022-04-29,7.7,12.1
2022-04-30,8.0,11.9
2022-05-01,8.1,12.0
2022-05-02,7.9,12.1
2022-05-03,7.9,12.4
2022-05-04,8.2,12.5
2022-05-05,8.7,12.3
2022-05-06,9.1,12.0
2022-05-07,8.6,11.9
2022-05-08,9.0,11.9
2022-05-09,9.3,11.6
2022-05-10,9.8,11.9
2022-05-11,9.5,11.4
2022-05-12,10.1,12.0
2022-05-13,10.6,11.6
2022-05-14,10.7,11.3
2022-05-15,10.9,11.6
2022-05-16,11.1,11.3
2022-05-17,12.4,10.9
2022-05-18,12.8,11.1
2022-05-19,12.9,10.9
2022-05-20,12.5,10.7
2022-05-21,12.5,10.7
2022-05-22,12.6,10.7
2022-05-23,12.6,10.5
2022-05-24,12.5,10.4
2022-05-25,12.5,10.5
2022-05-26,13.2,10.3
2022-05-27,13.9,10.1
2022-05-28,13.7,10.3
2022-05-29,13.8,9.9
2022-05-30,13.6,9.8
2022-05-31,13.4,9.9
2022-06-01,13.6,10.0
2022-06-02,13.7,9.5
2022-06-03,13.5,9.5
2022-06-04,14.3,9.3
2022-06-05,14.4,9.2
2022-06-06,13.5,9.2
2022-06-07,14.3,9.2
2022-06-08,15.1,9.0
2022-06-09,15.2,9.1
2022-06-10,15.1,9.3
2022-06-11,15.1,9.8
2022-06-12,15.7,15.0
2022-06-13,16.8,9.5
2022-06-14,17.2,9.0
2022-06-15,17.5,8.8
2022-06-16,17.8,8.3
2022-06-17,17.5,8.6
2022-06-18,17.6,8.5
2022-06-19,17.9,8.5
2022-06-20,17.6,8.5
2022-06-21,17.5,8.2
2022-06-22,17.8,8.4
2022-06-23,17.9,8.6
2022-06-24,17.9,8.4
2022-06-25,17.5,8.6
2022-06-26,17.6,9.0
2022-06-27,17.8,9.0
2022-06-28,18.0,9.0
2022-06-29,17.5,8.6
2022-06-30,18.4,8.8
2022-07-01,18.9,8.6
2022-07-02,19.0,8.3
2022-07-03,18.1,8.3
2022-07-04,18.3,8.4
2022-07-05,18.4,8.8
2022-07-06,18.5,8.9
2022-07-07,18.7,8.4
2022-07-08,19.9,8.4
2022-07-09,20.3,8.8
2022-07-10,20.1,8.9
2022-07-11,19.8,8.8
2022-07-12,19.7,8.8
2022-07-13,19.8,8.5
2022-07-14,20.0,9.0
2022-07-15,20.0,9.1
2022-07-16,20.5,9.0
2022-07-17,21.0,8.8
2022-07-18,21.5,8.8
2022-07-19,21.8,8.4
2022-07-20,21.7,8.4
2022-07-21,21.1,8.2
2022-07-22,21.4,7.6
2022-07-23,21.5,7.6
2022-07-24,21.5,7.4
2022-07-25,21.4,7.3
2022-07-26,21.2,7.6
2022-07-27,21.0,7.5
2022-07-28,21.3,7.6
2022-07-29,21.3,7.4
2022-07-30,21.4,7.9
2022-07-31,21.2,8.5
2022-08-01,21.4,8.7
2022-08-02,21.5,9.1
2022-08-03,22.0,8.8
2022-08-04,21.7,9.0
2022-08-05,22.2,9.3
2022-08-06,22.5,9.0
2022-08-07,22.2,8.7
2022-08-08,22.4,8.3
2022-08-09,22.7,8.2
2022-08-10,21.8,7.4
2022-08-11,22.0,8.0
2022-08-12,21.0,8.3
2022-08-13,21.0,8.4
2022-08-14,21.5,8.8
2022-08-15,21.4,8.9
2022-08-16,21.1,8.5
2022-08-17,21.1,8.2
2022-08-18,21.9,8.3
2022-08-19,21.2,8.5
2022-08-20,21.1,8.5
2022-08-21,21.3,8.3
2022-08-22,21.9,7.8
2022-08-23,22.2,7.4
2022-08-24,21.6,7.3
2022-08-25,22.0,7.3
2022-08-26,22.6,7.4
2022-08-27,22.7,6.8
2022-08-28,22.4,7.3
2022-08-29,22.4,8.0
2022-08-30,22.3,8.3
2022-08-31,22.5,8.5
2022-09-01,22.9,8.4
2022-09-02,22.9,8.4
2022-09-03,22.6,8.6
2022-09-04,23.2,7.8
2022-09-05,23.0,8.0
2022-09-06,22.8,7.9
2022-09-07,23.3,7.8
2022-09-08,22.7,7.4
2022-09-09,22.0,7.2
2022-09-10,21.8,7.5
2022-09-11,21.1,7.6
2022-09-12,21.1,7.4
2022-09-13,21.8,7.6
2022-09-14,21.1,7.7
2022-09-15,21.1,7.4
2022-09-16,21.0,8.2
2022-09-17,21.0,8.0
2022-09-18,20.7,8.3
2022-09-19,20.3,7.9
2022-09-20,20.4,8.0
2022-09-21,19.8,8.2
2022-09-22,19.3,8.6
2022-09-23,19.4,8.4
2022-09-24,19.8,8.4
2022-09-25,19.7,8.3
2022-09-26,20.0,8.5
2022-09-27,20.1,8.0
2022-09-28,19.9,7.9
2022-09-29,19.9,8.0
2022-09-30,19.6,8.4
2022-10-01,19.9,7.9
2022-10-02,19.4,7.6
2022-10-03,19.1,7.9
2022-10-04,18.3,7.8
2022-10-05,18.4,8.5
2022-10-06,18.3,8.5
2022-10-07,17.9,8.1
2022-10-08,17.5,8.6
2022-10-09,17.0,9.0
2022-10-10,17.8,8.6
2022-10-11,17.8,8.4
2022-10-12,18.2,8.2
2022-10-13,17.8,8.3
2022-10-14,17.7,8.4
2022-10-15,17.1,9.0
2022-10-16,16.8,8.5
2022-10-17,15.8,8.6
2022-10-18,16.2,8.3
2022-10-19,15.8,8.7
2022-10-20,15.5,8.6
2022-10-21,15.7,8.6
2022-10-22,16.4,9.0
2022-10-23,15.7,8.8
2022-10-24,16.1,9.2
2022-10-25,16.5,9.3
2022-10-26,16.1,9.4
2022-10-27,16.5,8.9
2022-10-28,16.4,9.1
2022-10-29,16.0,8.6
2022-10-30,15.1,8.6
2022-10-31,14.5,8.9
2022-11-01,14.7,8.7
2022-11-02,14.9,8.5
2022-11-03,14.8,8.4
2022-11-04,14.3,8.8
2022-11-05,13.9,9.2
2022-11-06,13.9,9.5
2022-11-07,13.6,9.8
2022-11-08,13.1,10.3
2022-11-09,12.9,9.7
2022-11-10,12.5,9.7
2022-11-11,11.9,10.0
2022-11-12,11.7,10.3
2022-11-13,11.7,10.5
2022-11-14,11.7,10.7
2022-11-15,11.0,10.6
2022-11-16,10.4,10.5
2022-11-17,10.6,10.7
2022-11-18,10.4,10.2
2022-11-19,10.0,10.6
2022-11-20,9.9,10.9
2022-11-21,8.9,11.1
2022-11-22,8.7,11.4
2022-11-23,9.0,11.3
2022-11-24,8.7,11.6
2022-11-25,8.5,11.4
2022-11-26,8.3,11.1
2022-11-27,7.7,11.1
2022-11-28,7.4,11.0
2022-11-29,7.6,10.7
2022-11-30,7.3,11.2
2022-12-01,7.0,10.8
2022-12-02,7.1,11.5
2022-12-03,6.9,11.4
2022-12-04,7.1,11.3
2022-12-05,6.9,11.2
2022-12-06,7.2,11.5
2022-12-07,7.0,11.8
2022-12-08,6.8,12.4
2022-12-09,6.2,11.9
2022-12-10,5.6,11.9
2022-12-11,4.9,12.0
2022-12-12,4.9,12.1
2022-12-13,4.7,11.7
2022-12-14,4.0,11.8
2022-12-15,4.2,11.7
2022-12-16,4.2,11.8
2022-12-17,4.4,11.7
2022-12-18,4.5,11.7
2022-12-19,4.7,12.1
2022-12-20,4.7,11.6
2022-12-21,4.5,11.6
2022-12-22,3.7,12.0
2022-12-23,3.5,11.9
2022-12-24,3.5,11.9
2022-12-25,3.2,12.2
2022-12-26,2.5,12.5
2022-12-27,2.5,12.6
2022-12-28,3.1,12.7
2022-12-29,2.8,12.7
2022-12-30,2.5,12.9
